time_sec,vmrss_kb,vmhwm_kb
1780755131,6080,7296
1780755132,260224,260224
1780755133,284544,284544
1780755134,873280,873280
1780755135,947456,947456
1780755136,1021632,1022848
1780755137,867740,1064192
1780755138,972316,1064192
1780755139,1314012,1314012
1780755140,1490644,1490644
1780755141,1490644,1490644
1780755142,1490644,1490644
1780755143,1490644,1490644
1780755144,1490644,1490644
1780755145,1490644,1490644
1780755146,1490644,1490644
1780755147,1490644,1490644
1780755148,1490644,1490644
1780755149,1490644,1490644
1780755150,1490644,1490644
1780755151,1490644,1490644
1780755152,1490644,1490644
1780755153,1490644,1490644
1780755154,1490644,1490644
1780755155,1490644,1490644
1780755156,1490644,1490644
1780755157,1490644,1490644
1780755158,1490644,1490644
1780755159,1490644,1490644
1780755160,1490644,1490644
1780755161,1490644,1490644
1780755162,1490644,1490644
1780755163,1490644,1490644
1780755164,1490644,1490644
1780755165,1490644,1490644
1780755166,1490644,1490644
1780755167,1490644,1490644
1780755168,1490644,1490644
1780755169,738168,1490644
1780755170,895608,1490644
1780755171,790168,1490644
1780755172,817920,1490644
1780755173,832824,1490644
1780755174,847416,1490644
1780755175,858484,1490644
1780755176,872732,1490644
1780755177,885952,1490644
1780755178,885952,1490644
1780755179,898652,1490644
1780755180,921212,1490644
1780755181,933836,1490644
1780755182,933836,1490644
1780755183,946224,1490644
1780755185,968156,1490644
1780755186,972444,1490644
1780755187,980956,1490644
1780755188,998600,1490644
1780755189,1001652,1490644
1780755190,1010164,1490644
1780755191,1023848,1490644
1780755192,1045472,1490644
1780755193,1057972,1490644
1780755194,1064052,1490644
1780755195,1073080,1490644
1780755196,1086020,1490644
1780755197,1095836,1490644
1780755198,1104348,1490644
1780755199,1119052,1490644
1780755200,1129792,1490644
1780755201,1138304,1490644
1780755202,1150244,1490644
1780755203,1155004,1490644
1780755204,1164732,1490644
1780755205,1187180,1490644
1780755206,1199344,1490644
1780755207,1199344,1490644
1780755208,1210784,1490644
1780755209,1233060,1490644
1780755210,1237388,1490644
1780755211,1245900,1490644
1780755212,1258540,1490644
1780755213,1285284,1490644
1780755214,1285284,1490644
1780755215,1297804,1490644
1780755216,1311128,1490644
1780755217,1319604,1490644
1780755218,1337472,1490644
1780755219,1350620,1490644
1780755220,1364204,1490644
1780755221,1367924,1490644
1780755222,1376244,1490644
1780755223,1388544,1490644
1780755224,1410660,1490644
1780755225,1415580,1490644
1780755226,1424092,1490644
1780755227,1435680,1490644
1780755228,1451852,1490644
1780755229,1475104,1490644
1780755230,1475104,1490644
1780755231,1487460,1490644
1780755232,1498776,1498776
1780755233,1502976,1504856
1780755234,1511488,1511488
1780755235,1525036,1525036
1780755236,1542676,1542676
1780755237,1542676,1542676
1780755238,1555268,1555268
1780755239,1576344,1576344
1780755240,1576344,1576344
1780755241,1595944,1595944
1780755242,1595944,1595944
1780755243,1595944,1595944
1780755244,1595944,1595944
1780755245,1580940,1595944
1780755246,1703716,1703716
1780755247,1699316,1790676
1780755248,1699316,1790676
