mode,series,batch_idx,mean_query_qps,mean_recall,runs
off,HNSW,0,37301.95404434488,0.879738,5
off,HNSW,1,37745.93810767242,0.8775809999999999,5
off,HNSW,2,37252.470425512984,0.8772910000000002,5
off,HNSW,3,37523.29546946197,0.877186,5
off,HNSW,4,36601.361779301646,0.8772010000000001,5
off,HNSW,5,36587.727838708284,0.875131,5
off,HNSW,6,37027.779390798605,0.873676,5
off,HNSW,7,37040.11396149288,0.8742300000000001,5
off,HNSW,8,37332.240015471354,0.8727360000000001,5
off,HNSW,9,37243.97745944522,0.8724380000000002,5
off,HNSW,10,36425.31957548142,0.8722700000000001,5
off,HNSW,11,36480.87471029384,0.8717050000000001,5
off,HNSW,12,35847.14029046769,0.868413,5
off,HNSW,13,36098.40149723924,0.8688460000000001,5
off,HNSW,14,35562.00588653337,0.870039,5
off,HNSW,15,35663.13029194833,0.86739,5
off,HNSW,16,35664.24609568531,0.868425,5
off,HNSW,17,35902.5590231151,0.8675560000000001,5
off,HNSW,18,35985.093596459745,0.8665010000000001,5
off,HNSW,19,34215.3222570788,0.8665860000000001,5
off,HNSW,20,34608.665893298334,0.8652429999999999,5
off,HNSW,21,34481.91919796342,0.8657130000000001,5
off,HNSW,22,35771.50237559288,0.86563,5
off,HNSW,23,35640.97619752537,0.86365,5
off,HNSW,24,35124.10431619003,0.8627790000000001,5
off,HNSW,25,34976.34424565821,0.8615440000000001,5
off,HNSW,26,35025.292700032966,0.861963,5
off,HNSW,27,35294.73706964488,0.8623609999999999,5
off,HNSW,28,35037.55633831901,0.861942,5
off,HNSW,29,34762.7067105935,0.8606069999999999,5
off,HNSW,30,35015.397908239436,0.8606190000000001,5
off,HNSW,31,35033.87309293835,0.859887,5
off,HNSW,32,35064.382753327176,0.859917,5
off,HNSW,33,34791.315259278046,0.859172,5
off,HNSW,34,34045.872851608656,0.858703,5
off,HNSW,35,34147.135100485306,0.858519,5
off,HNSW,36,33804.06842626362,0.857625,5
off,HNSW,37,33454.736102678944,0.856842,5
off,HNSW,38,33636.41430825806,0.858492,5
off,HNSW,39,33852.14774475479,0.856899,5
off,HNSW,40,33597.58637949318,0.857403,5
off,HNSW,41,33448.625789852726,0.8566740000000002,5
off,HNSW,42,33437.17780503213,0.856852,5
off,HNSW,43,33492.56746021933,0.8571289999999999,5
off,HNSW,44,33599.87609907527,0.856058,5
off,HNSW,45,33247.96708863221,0.855438,5
off,HNSW,46,32718.84891214835,0.854631,5
off,HNSW,47,32785.44983444237,0.855505,5
off,HNSW,48,32522.978120284795,0.853919,5
off,HNSW,49,32607.012217775908,0.8550169999999999,5
on,HNSW-BriskSeed,0,36293.90993190462,0.880265,5
on,HNSW-BriskSeed,1,50030.36275382374,0.8771340000000001,5
on,HNSW-BriskSeed,2,57352.13915101035,0.876355,5
on,HNSW-BriskSeed,3,59683.116084374815,0.8783090000000001,5
on,HNSW-BriskSeed,4,62457.71235700815,0.8791590000000001,5
on,HNSW-BriskSeed,5,62331.80974847786,0.878997,5
on,HNSW-BriskSeed,6,57144.50482964118,0.87938,5
on,HNSW-BriskSeed,7,48870.692758737285,0.8816860000000002,5
on,HNSW-BriskSeed,8,49281.71564354744,0.8817160000000002,5
on,HNSW-BriskSeed,9,48759.03720384867,0.8818290000000001,5
on,HNSW-BriskSeed,10,48814.2680666065,0.8843,5
on,HNSW-BriskSeed,11,49184.33000526527,0.8844790000000001,5
on,HNSW-BriskSeed,12,48887.01195083007,0.882531,5
on,HNSW-BriskSeed,13,48771.593263454284,0.883816,5
on,HNSW-BriskSeed,14,49112.231628723,0.885931,5
on,HNSW-BriskSeed,15,48247.421139692,0.883826,5
on,HNSW-BriskSeed,16,48846.54387680629,0.884976,5
on,HNSW-BriskSeed,17,47884.422045379,0.885219,5
on,HNSW-BriskSeed,18,48882.12864814024,0.885271,5
on,HNSW-BriskSeed,19,48731.38088028766,0.8865640000000001,5
on,HNSW-BriskSeed,20,49374.644439533324,0.886064,5
on,HNSW-BriskSeed,21,47566.89883084666,0.8871550000000001,5
on,HNSW-BriskSeed,22,48956.17750346075,0.886518,5
on,HNSW-BriskSeed,23,48775.565862245225,0.887094,5
on,HNSW-BriskSeed,24,46758.855969805394,0.887363,5
on,HNSW-BriskSeed,25,47003.427725975795,0.8868390000000002,5
on,HNSW-BriskSeed,26,46180.12789317536,0.8879380000000001,5
on,HNSW-BriskSeed,27,46953.98152692214,0.888374,5
on,HNSW-BriskSeed,28,46528.37988664572,0.8890340000000002,5
on,HNSW-BriskSeed,29,47299.118714240176,0.8879370000000002,5
on,HNSW-BriskSeed,30,46995.30876620491,0.887495,5
on,HNSW-BriskSeed,31,47494.29319283216,0.8878620000000002,5
on,HNSW-BriskSeed,32,47358.97635012136,0.8887,5
on,HNSW-BriskSeed,33,46896.95211990973,0.88749,5
on,HNSW-BriskSeed,34,47162.313815453745,0.887054,5
on,HNSW-BriskSeed,35,47060.532899625716,0.8864850000000001,5
on,HNSW-BriskSeed,36,46010.421903224305,0.8862650000000001,5
on,HNSW-BriskSeed,37,46807.494465111966,0.885696,5
on,HNSW-BriskSeed,38,46394.98179838424,0.8866710000000001,5
on,HNSW-BriskSeed,39,46868.74463275694,0.885387,5
on,HNSW-BriskSeed,40,47181.63658456152,0.8869100000000001,5
on,HNSW-BriskSeed,41,46763.39666325975,0.8864050000000001,5
on,HNSW-BriskSeed,42,46823.66231386976,0.8857900000000001,5
on,HNSW-BriskSeed,43,47512.233470907944,0.8864930000000001,5
on,HNSW-BriskSeed,44,46787.1260348163,0.885322,5
on,HNSW-BriskSeed,45,47435.26320037931,0.885829,5
on,HNSW-BriskSeed,46,46180.12395052031,0.884845,5
on,HNSW-BriskSeed,47,47492.75773575923,0.8857630000000001,5
on,HNSW-BriskSeed,48,47104.02819294242,0.885938,5
on,HNSW-BriskSeed,49,47159.70916644038,0.8865630000000001,5
